<Root>
	<Application>
		<Name>hdfvr</Name>
		<AppType>Live</AppType>
		<Description></Description>
		<!-- Uncomment to set application level timeout values
		<ApplicationTimeout>60000</ApplicationTimeout>
		<PingTimeout>12000</PingTimeout>
		<ValidationFrequency>8000</ValidationFrequency>
		<MaximumPendingWriteBytes>0</MaximumPendingWriteBytes>
		-->
		<Connections>
			<AutoAccept>true</AutoAccept>
			<AllowDomains></AllowDomains>
		</Connections>
		<!--
			StorageDir path variables
			
			${com.wowza.wms.AppHome} - Application home directory
			${com.wowza.wms.ConfigHome} - Configuration home directory
			${com.wowza.wms.context.VHost} - Virtual host name
			${com.wowza.wms.context.Application} - Application name
			${com.wowza.wms.context.ApplicationInstance} - Application instance name
			
		-->
		<Streams>
			<StreamType>record</StreamType><!-- set to live-record when using the Transcoder AddOn to produce MP4 files with AAC audio-->
			<StorageDir>${com.wowza.wms.AppHome}/content</StorageDir>
			<!--<LiveStreamPacketizers>cupertinostreamingpacketizer, smoothstreamingpacketizer, sanjosestreamingpacketizer</LiveStreamPacketizers>-->
			<Properties>
				<!-- Properties defined here will override any properties defined in conf/Streams.xml for any streams types loaded by this application -->
				<!--
				<Property>
					<Name></Name>
					<Value></Value>
				</Property>
				-->
			</Properties>
		</Streams>
		
	
		
		<Transcoder>
			<!-- To turn on transcoder set to: transcoder -->
			<LiveStreamTranscoder></LiveStreamTranscoder>
			<Templates>hdfvr.xml</Templates>
			<ProfileDir>${com.wowza.wms.context.VHostConfigHome}/transcoder/profiles</ProfileDir>
			<TemplateDir>${com.wowza.wms.context.VHostConfigHome}/transcoder/templates</TemplateDir>
			<Properties>
			</Properties>
		</Transcoder>
        
	
		<!--<HTTPStreamers>sanjosestreaming, cupertinostreaming, smoothstreaming, mpegdashstreaming</HTTPStreamers>-->
		
	
		
		<SharedObjects>
			<StorageDir></StorageDir>
		</SharedObjects>
		<Client>
			<IdleFrequency>-1</IdleFrequency>
			<Access>
				<StreamReadAccess>*</StreamReadAccess>
				<StreamWriteAccess>*</StreamWriteAccess>
				<StreamAudioSampleAccess></StreamAudioSampleAccess>
				<StreamVideoSampleAccess></StreamVideoSampleAccess>
				<SharedObjectReadAccess>*</SharedObjectReadAccess>
				<SharedObjectWriteAccess>*</SharedObjectWriteAccess>
			</Access>
		</Client>
		<RTP>
			<!-- RTP/Authentication/[type]Methods defined in Authentication.xml. Default setup includes; none, basic, digest -->
			<Authentication>
				<PublishMethod>digest</PublishMethod>
				<PlayMethod>none</PlayMethod>
			</Authentication>
			<!-- RTP/AVSyncMethod. Valid values are: senderreport, systemclock, rtptimecode -->
			<AVSyncMethod>senderreport</AVSyncMethod>
			<MaxRTCPWaitTime>12000</MaxRTCPWaitTime>
			<IdleFrequency>75</IdleFrequency>
			<RTSPSessionTimeout>90000</RTSPSessionTimeout>
			<RTSPMaximumPendingWriteBytes>0</RTSPMaximumPendingWriteBytes>
			<RTSPBindIpAddress></RTSPBindIpAddress>
			<RTSPConnectionIpAddress>0.0.0.0</RTSPConnectionIpAddress>
			<RTSPOriginIpAddress>127.0.0.1</RTSPOriginIpAddress>
			<IncomingDatagramPortRanges>*</IncomingDatagramPortRanges>
			<!-- Properties defined here will override any properties defined in conf/RTP.xml for any depacketizers loaded by this application -->
			<Properties>
			</Properties>
		</RTP>
		<MediaCaster>
			<!-- Uncomment the RTP and StreamValidator tags 
			for enabling live streaming to mobile devices. Important!! Transcoder must be enabled in order for this to work -->
			<!--
			<RTP>
				<RTSP>
					<RTPTransportMode>interleave</RTPTransportMode>
				</RTSP>
			</RTP>
			<StreamValidator>
				<Enable>true</Enable>
				<ResetNameGroups>true</ResetNameGroups>
				<StreamStartTimeout>20000</StreamStartTimeout>
				<StreamTimeout>12000</StreamTimeout>
				<VideoStartTimeout>0</VideoStartTimeout>
				<VideoTimeout>0</VideoTimeout>
				<AudioStartTimeout>0</AudioStartTimeout>
				<AudioTimeout>0</AudioTimeout>
				<VideoTCToleranceEnable>false</VideoTCToleranceEnable>
				<VideoTCPosTolerance>3000</VideoTCPosTolerance>
				<VideoTCNegTolerance>-500</VideoTCNegTolerance>
				<AudioTCToleranceEnable>false</AudioTCToleranceEnable>
				<AudioTCPosTolerance>3000</AudioTCPosTolerance>
				<AudioTCNegTolerance>-500</AudioTCNegTolerance>
				<DataTCToleranceEnable>false</DataTCToleranceEnable>
				<DataTCPosTolerance>3000</DataTCPosTolerance>
				<DataTCNegTolerance>-500</DataTCNegTolerance>
				<AVSyncToleranceEnable>false</AVSyncToleranceEnable>
				<AVSyncTolerance>1500</AVSyncTolerance>
				<DebugLog>false</DebugLog>
			</StreamValidator>
			-->
			<Properties>
				<!-- Properties defined here will override any properties defined in conf/MediaCasters.xml for any MediaCasters loaded by this applications -->
				<!--
				<Property>
					<Name></Name>
					<Value></Value>
				</Property>
				-->
			</Properties>
		</MediaCaster>
		<!-- 
		<Repeater>
			<OriginURL></OriginURL>
		</Repeater> 
		-->
		<Modules>
			<Module>
				<Name>base</Name>
				<Description>Base</Description>
				<Class>com.wowza.wms.module.ModuleCore</Class>
			</Module>
			<Module>
				<Name>properties</Name>
				<Description>Properties</Description>
				<Class>com.wowza.wms.module.ModuleProperties</Class>
			</Module>
			<Module>
				<Name>logging</Name>
				<Description>Client Logging</Description>
				<Class>com.wowza.wms.module.ModuleClientLogging</Class>
			</Module>
			<Module>
				<Name>flvplayback</Name>
				<Description>FLVPlayback</Description>
				<Class>com.wowza.wms.module.ModuleFLVPlayback</Class>
			</Module> 
			<!-- The server Module custom made -->
			<Module>
				<Name>customServerHDFVR</Name>
				<Description>Server HDFVR</Description>
				<Class>net.naicuandnaicu.server.MyModule</Class>
			</Module>
		</Modules>
	</Application>
</Root>
