<?xml version="1.0" encoding="UTF-8"?>
<configuration>
	<contextName>hdfvr</contextName>
	<jmxConfigurator contextName="hdfvr" />
	<appender name="AVREC" class="ch.qos.logback.core.FileAppender">
		<File>log/hdfvr.log</File>
		<Append>false</Append>
		<Encoding>UTF-8</Encoding>
		<BufferedIO>false</BufferedIO>
		<ImmediateFlush>true</ImmediateFlush>
		<layout class="ch.qos.logback.classic.PatternLayout">
			<Pattern>
				%date [%thread] %-5level %logger{35} - %msg%n
			</Pattern>
		</layout>
	</appender>
	<root>
	    <level value="DEBUG" />
		<appender-ref ref="AVREC" />
	</root>	
	<logger name="VideoRecorder.Application">
		<level value="DEBUG" />
	</logger>		
</configuration>